"BH35","PANEL: MAIN SWITCH MOUNTING","023050P002","NYLEC",80,30,50,6.8,1,6.8,42,285.6,"2023-10-09 11:51:55","Top Hat",6
"BH32","E & N BRACKET FOR HPR BOARDS","033012P04","NYLEC",100,40,60,7.48,1,7.48,95,710.6,"2023-10-05 10:39:56","Top Hat",6
"HM104","50 Meter Panel Frame Hinge - Spacer","0VMPFMH-SP","Variance",10,5,5,5.12,1,5.12,10,51.2,"2023-10-02 11:30:06","HYMOD",6
"HM105","50 Meter Panel Frame Side - Spacer","0VMPFMS-SP","Variance",10,5,5,5.01,1,5.01,16,80.16,"2023-09-05 10:33:01","HYMOD",6
"HM113","1200 Esc Frame Side-Left","12EfS-L","Variance",1,0,1,17.05,1,17.05,1,17.05,"2023-08-28 12:27:06","HYMOD",6
"HM114","1200 Esc Frame Side-Right","12EfS-R","Variance",1,0,1,17.05,1,17.05,1,17.05,"2023-08-28 12:27:06","HYMOD",6
"HM115","1250 Esc Frame Side-Left","12VEFS-L","Variance",1,0,1,17.58,1,17.58,2,35.16,"2023-08-28 12:27:06","HYMOD",6
"HM116","1250 Esc Frame Side-Right","12VEFS-R","Variance",1,0,1,17.58,1,17.58,1,17.58,"2023-08-28 12:27:06","HYMOD",6
"HM117","1350 Esc Frame Side-Left","13vEfS-L","Variance",30,15,15,17.58,1,17.58,15,263.7,"2023-10-04 10:06:26","HYMOD",6
"HM118","1350 Esc Frame Side-Right","13vEfS-R","Variance",30,15,15,17.58,1,17.58,15,263.7,"2023-10-02 16:42:12","HYMOD",6
"HM129","1400x400 Rain Hood 77","14x4Rh77","Variance",10,5,5,560,1,560,4,2240,"2023-10-02 16:42:55","HYMOD",1
"HM130","1500x400700 Rainhood","15X4RH78","Variance",4,2,2,580,1,580,4,2320,"2023-09-27 10:25:09","HYMOD",1
"HM131","1500 x 400 RAINHOOD 800 x700","15X4RH87","Variance",3,1,2,560,1,560,0,0,"2023-09-25 15:33:51","HYMOD",1
"HM120","1800 Barrier Rack-Part A","18BarRk-A","Variance",5,3,2,39.23,1,39.23,4,156.92,"2023-09-27 10:32:40","HYMOD",6
"HM119","1800 Barrier Rack-Part B","18BarRk-B","Variance",10,6,4,25.26,1,25.26,10,252.6,"2023-09-27 10:32:36","HYMOD",6
"HM121","1800 Esc Frame Side-Left","18EfS-L","Variance",8,5,3,23.96,1,23.96,10,239.6,"2023-08-28 12:27:06","HYMOD",6
"HM122","1800 Esc Frame Side-Right","18EfS-R","Variance",8,5,3,23.96,1,23.96,10,239.6,"2023-08-28 12:27:06","HYMOD",6
"HM57","150x400 Part Vertical - Top","1v4PaV-T","Variance",50,20,30,9.02,1,9.02,67,604.34,"2023-10-04 15:24:20","HYMOD",6
"HM126","2000 Barrier Rack-Part A","20BarRk-A","Variance",30,15,15,42.78,1,42.78,19,812.82,"2023-10-05 12:05:27","HYMOD",6
"HM125","2000 Barrier Rack-Part B","20BarRk-B","Variance",60,30,30,27.25,1,27.25,36,981,"2023-10-05 12:05:22","HYMOD",6
"HM123","2000 Esc Frame Side-Left","20EfS-L","Variance",50,30,20,26.35,1,26.35,2,52.7,"2023-10-05 14:37:47","HYMOD",6
"HM124","2000 Esc Frame Side-Right","20EfS-R","Variance",50,30,20,26.35,1,26.35,4,105.4,"2023-10-05 14:37:34","HYMOD",6
"HM54","300x400 Part Vertical - Top","3x4PaV","Variance",50,20,30,15.79,1,15.79,22,347.38,"2023-10-04 15:24:00","HYMOD",6
"HM58","400 Part Hori Rail-Left","4PaHRa-L","Variance",50,20,30,14.78,1,14.78,46,679.88,"2023-10-02 11:52:53","HYMOD",6
"HM59","400 Part Hori Rail-Right","4PaHRa-R","Variance",50,20,30,14.78,1,14.78,36,532.08,"2023-10-02 11:53:01","HYMOD",6
"HM32","400 RaCh-CBI - Rail Channel","4RACH-C","Variance",4,2,2,12.1,1,12.1,10,121,"2023-08-28 12:27:06","HYMOD",6
"HM24","400 RaM - Rail Mount","4RaM","Variance",300,150,150,6.65,1,6.65,77,512.05,"2023-10-06 11:52:11","HYMOD",20
"HM30","400 RaM -Rail Mount - Single","4RaM-S","Variance",4,2,2,4.21,1,4.21,6,25.26,"2023-08-28 12:27:06","HYMOD",6
"HM4","400x400 Gland Plate - 3mm Ali","4X4GP-A3","Variance",2,1,1,17.78,1,17.78,2,35.56,"2023-09-25 13:43:48","HYMOD",6
"HM56","400x400 Part Vertical - Top","4x4PaV","Variance",75,40,35,19.87,1,19.87,19,377.53,"2023-10-04 15:24:12","HYMOD",6
"HM33","500 RaCh-CBI - Rail Channel","5RACH-C","Variance",4,1,3,11.13,1,11.13,2,22.26,"2023-08-28 12:27:06","HYMOD",6
"HM60","600 Esc Frame Bottom","6EfB","Variance",4,2,2,15.2,1,15.2,3,45.6,"2023-09-25 14:39:20","HYMOD",6
"HM70","600 Meter Pan Swing Arm","6MpSa","Variance",30,15,15,16.97,1,16.97,24,407.28,"2023-09-26 10:09:34","HYMOD",6
"HM10","600 RaCab - Rail Cable Support","6RACAB","Variance",25,10,15,16,1,16,25,400,"2023-08-28 12:27:06","HYMOD",10
"HM7","600 RaCh-CBI - Rail Channel","6RACH-C","Variance",10,5,5,13,1,13,20,260,"2023-08-28 12:27:06","HYMOD",10
"HM17","600 RaM -Rail Mount - Single","6RaM-S","Variance",2,1,1,9.83,1,9.83,1,9.83,"2023-09-25 13:54:46","HYMOD",6
"HM63","650 Meter Panel Frame Hinge","6vMpFmH","Variance",3,1,2,27.61,1,27.61,6,165.66,"2023-09-08 14:45:05","HYMOD",6
"HM71","650 Meter Pan Frame Side","6vMpFmS","Variance",5,1,4,25.81,1,25.81,16,412.96,"2023-09-08 14:45:16","HYMOD",6
"HM79","600 X 50 PART HORI CENT","6X0VPAHC","Variance",2,0,2,12.7,1,12.7,1,12.7,"2023-08-28 12:27:06","HYMOD",6
"HM1","600x400 Gland Plate - 3mm Ali","6X4GP-A3","Variance",4,2,2,21,1,21,3,63,"2023-09-15 09:57:45","HYMOD",6
"HM81","700 Vent Cover Top IP56","7-VcT56","Variance",24,10,14,67.86,1,67.86,18,1221.48,"2023-09-27 11:13:02","HYMOD",6
"HM61","700 Esc Frame Bottom","7EfB","Variance",75,45,30,15.73,1,15.73,42,660.66,"2023-10-05 14:40:32","HYMOD",6
"HM74","700 Meter Panel Frame Bottom","7MpFmB","Variance",30,15,15,30.61,1,30.61,11,336.71,"2023-09-26 10:09:59","HYMOD",6
"HM78","700 Meter Pan Frame Back","7MpFmBk","Variance",20,10,10,11.04,1,11.04,28,309.12,"2023-09-05 12:20:48","HYMOD",6
"HM73","700 Meter Panel Frame Hinge","7MpFmH","Variance",30,15,15,29.12,1,29.12,19,553.28,"2023-09-26 10:09:19","HYMOD",6
"HM72","700 Meter Pan Frame Side","7MpFmS","Variance",30,15,15,27.21,1,27.21,15,408.15,"2023-09-26 10:09:29","HYMOD",6
"HM69","700 Part Hori Back","7PaHB","Variance",40,25,15,16.87,1,16.87,7,118.09,"2023-09-27 10:29:03","HYMOD",6
"HM68","700 Part Hori Front","7PaHF","Variance",30,10,20,14.03,1,14.03,22,308.66,"2023-09-11 15:11:43","HYMOD",6
"HM29","700 RaCab - Rail Cable Support","7RaCab","Variance",60,25,35,16.54,1,16.54,32,529.28,"2023-10-06 11:51:30","HYMOD",20
"HM23","700 RaCh-CBI - Rail Channel","7RaCh-C","Variance",200,75,125,13.73,1,13.73,117,1606.41,"2023-10-06 11:51:14","HYMOD",20
"HM21","700 RaGTCT - Rail Gear Tray CT","7RaGTCT","Variance",75,15,60,23.52,1,23.52,92,2163.84,"2023-09-26 10:14:28","HYMOD",3
"HM18","700 RaM -Rail Mount - Single","7RaM-S","Variance",40,20,20,8.21,1,8.21,31,254.51,"2023-09-27 09:58:50","HYMOD",6
"HM55","750x400 Part Vertical - Top","7v4PaV-T","Variance",40,15,25,34.84,1,34.84,32,1114.88,"2023-10-04 15:24:05","HYMOD",6
"HM64","700x50 Part Hori Cent","7x0vPaHC","Variance",40,15,25,12.7,1,12.7,32,406.4,"2023-09-26 10:08:23","HYMOD",6
"HM66","700x75 Part Hori Cent","7x0wPaHC","Variance",40,15,25,12.7,1,12.7,23,292.1,"2023-09-26 10:08:16","HYMOD",6
"HM52","700x75 Part Hori Cent 6mm BAKELITE","7X0WPAHC-B/LITE","INSULCUT",30,10,20,12.7,1,12.7,11,139.7,"2023-09-12 15:18:59","HYMOD",6
"HM47","7x1 (570x1100) Polycarb Mesh 12x12","7X11PME12","Variance",8,4,4,151.69,1,151.69,6,910.14,"2023-08-28 12:27:06","HYMOD",6
"HM77","700x100 Meter Pan Frame Back","7x1MpFmBk","Variance",30,15,15,15.88,1,15.88,40,635.2,"2023-09-26 10:09:13","HYMOD",6
"HM65","700x100 Part Hori Cent","7x1PaHC","Variance",25,10,15,12.7,1,12.7,34,431.8,"2023-09-12 15:20:00","HYMOD",6
"HM3","700x400 Gland Plate - 2mm Ali","7X4GP-A2","Variance",40,20,20,21.78,1,21.78,9,196.02,"2023-09-26 10:13:21","HYMOD",6
"HM2","700x400 Gland Plate - 3mm Ali","7x4GP-A3","Variance",50,25,25,21.78,1,21.78,8,174.24,"2023-10-04 16:20:41","HYMOD",6
"HM128","700x400 Rain Hood 77","7x4RH77","Variance",1,0,1,1,1,1,1,1,"2023-09-25 15:24:30","HYMOD",1
"HM82","800 Vent Cover Top IP56","8-VCT56","Variance",15,6,9,89.91,1,89.91,14,1258.74,"2023-10-02 16:43:38","HYMOD",6
"HM62","800 Esc Frame Bottom","8EfB","Variance",30,10,20,16.1,1,16.1,16,257.6,"2023-10-05 14:40:24","HYMOD",6
"HM11","800 RaCab - Rail Cable Support","8RACAB","Variance",30,15,15,18.08,1,18.08,14,253.12,"2023-10-06 14:53:57","HYMOD",10
"HM8","800 RaCh-CBI - Rail Channel","8RACH-C","Variance",50,25,25,15.73,1,15.73,27,424.71,"2023-10-05 17:01:42","HYMOD",10
"HM22","800 RaGTCT - Rail Gear Tray CT","8RaGTCT","Variance",4,2,2,25.4,1,25.4,5,127,"2023-10-09 15:22:34","HYMOD",3
"HM19","800 RaM -Rail Mount - Single","8RaM-S","Variance",30,15,15,8.9,1,8.9,15,133.5,"2023-09-26 10:19:21","HYMOD",6
"HM53","800x75 Part Hori Centre 6mm BAKELITE","8X0WPAHC-B/LITE","INSULCUT",20,5,15,12.7,1,12.7,24,304.8,"2023-08-28 12:27:06","HYMOD",6
"HM6","800x400 Gland Plate - 3mm Ali","8X4GP-A3","Variance",30,15,15,22,1,22,14,308,"2023-10-04 15:06:18","HYMOD",6
"HM13","800x400 Gland Plate - 2mm Ali Filter","8X4GPF-A2","Variance",20,10,10,28.84,1,28.84,15,432.6,"2023-09-26 10:14:12","HYMOD",4
"HM75","900 Esc Frame Bottom","9EfB","Variance",15,8,7,18.69,1,18.69,6,112.14,"2023-09-20 15:45:22","HYMOD",6
"HM12","900 RaCab - Rail Cable Support","9RACAB","Variance",25,10,15,19.16,1,19.16,19,364.04,"2023-09-22 11:31:45","HYMOD",10
"HM9","900 RaCh-CBI - Rail Channel","9RACH-C","Variance",30,16,14,17.03,1,17.03,22,374.66,"2023-10-05 12:06:03","HYMOD",10
"HM20","900 RaM -Rail Mount - Single","9RaM-S","Variance",15,5,10,9.5,1,9.5,9,85.5,"2023-08-28 12:27:06","HYMOD",6
"HM5","900x400 Gland Plate - 3mm Ali","9X4GP-A3","Variance",8,4,4,27.4,1,27.4,11,301.4,"2023-09-22 14:42:59","HYMOD",6
"BH4","Contactor Mounting Bkt (Ext)","ADV-CC50","NYLEC",60,20,40,2.9,1,2.9,65,188.5,"2023-09-01 14:41:42","Top Hat",6
"BH9","CONTACTOR MOUNTING BKT( Int )","ADV-HQFC CC50","NYLEC",60,20,40,4.8,1,4.8,23,110.4,"2023-10-05 13:10:17","Top Hat",6
"BH7","ADV580 - DUCT MOUNTING BRACKET","ADV580BKTDM","NYLEC",600,300,300,1.75,1,1.75,108,189,"2023-10-09 16:52:19","Top Hat",20
"BH8","ADV 700-DUCT","ADV700BKTDM","NYLEC",400,200,200,1.75,1,1.75,322,563.5,"2023-09-27 12:46:05","Top Hat",20
"BH26","ADV 700 - GEAR TRAY","ADV700GT","NYLEC",40,20,20,6.8,1,6.8,38,258.4,"2023-09-22 11:12:35","Top Hat",6
"BH11","ADV-BKT-METAL","ADVBKTMSEG","NYLEC",40,20,20,8,1,8,68,544,"2023-09-25 12:28:11","Top Hat",6
"BH3","ADV Cable Support Bracket","ADVCSUPBKT","NYLEC",60,30,30,3.2,1,3.2,170,544,"2023-08-28 12:27:06","Top Hat",6
"BH10","ADV-HVC CHASSIS MAIN SWITCH MOUNTING TOP HAT","ADVHVCTHMSDIN","NYLEC",60,30,30,5.6,1,5.6,145,812,"2023-09-18 14:23:32","Top Hat",6
"BH15","ADV MAIN SWITCH TOPHAT","ADVTH","NYLEC",120,60,60,6.79,1,6.79,105,712.95,"2023-10-02 17:02:30","Top Hat",6
"BH12","ADV-3xF50 DV MOUNTING","ADVTH3F50DVMS","NYLEC",10,5,5,9.14,1,9.14,10,91.4,"2023-09-12 15:54:01","Top Hat",6
"BH2","ADV-CONTROL SWITCH","ADVTHCS3F50DV","NYLEC",80,40,40,3,1,3,84,252,"2023-09-27 12:29:11","Top Hat",6
"BH14","ADV-CONTROL SWITCH MOUNTING","ADVTHCSDIN","NYLEC",100,50,50,3,1,3,216,648,"2023-10-09 11:52:08","Top Hat",6
"BH13","F50DV TOP HAT FOR ADV","ADVTHF50","NYLEC",60,30,30,6.6,1,6.6,86,567.6,"2023-10-09 12:13:10","Top Hat",6
"BH1","KDN400 TOP HAT FOR ADV","ADVTHKDN400","NYLEC",30,10,20,6.33,1,6.33,15,94.95,"2023-09-26 16:20:05","Top Hat",6
"BH17","ADV-MAIN SWITCH MOUNTING","ADVTHMSDIN","NYLEC",120,60,60,5.64,1,5.64,8,45.12,"2023-10-09 11:51:46","Top Hat",6
"BH18","ADVTHMSDIN-EDS3250 - 46.5mmW","ADVTHMSDIN-01","NYLEC",120,60,60,4.9,1,4.9,145,710.5,"2023-10-06 16:45:25","Top Hat",6
"BH16","ADVTHMSDIN-EDS3250T2","ADVTHMSDIN-02","NYLEC",120,60,60,4.9,1,4.9,76,372.4,"2023-09-25 11:27:44","Top Hat",6
"BH5","SFM3-G3 MCB TOP HAT FOR ADV","ADVTHSFM3G3","NYLEC",20,5,15,6.11,1,6.11,9,54.99,"2023-08-28 12:27:06","Top Hat",6
"HM101","Bakelite Thickness 4.5mm 250 x 150","BAKELITE250X150","QUADOR",25,10,15,5,1,5,21,105,"2023-09-26 10:21:43","HYMOD",5
"HM103","Bar Rack Brac","BarRkBr","Variance",200,80,120,5.22,1,5.22,65,339.3,"2023-10-04 15:06:45","HYMOD",20
"BH19","CUSTOM BRACKET 1","BRKT00001","NYLEC",15,5,10,2.8,1,2.8,80,224,"2023-09-01 14:49:35","Top Hat",6
"BH76","CUSTOM BRACKET 2","BRKT00002","NYLEC",15,5,10,6.2,1,6.2,45,279,"2023-09-01 15:35:07","Top Hat",6
"BH74","CUSTOM BRACKET3(100mm)","BRKT00003(100MM)","NYLEC",15,5,10,3.2,1,3.2,24,76.8,"2023-09-01 15:32:54","Top Hat",6
"BH73","CUSTOM BRACKET4(230mm)","BRKT00004(230MM)","NYLEC",15,5,10,7.13,1,7.13,56,399.28,"2023-09-01 15:32:33","Top Hat",6
"HM38","Bracket L-Esc Frame 28","BrL-Ef28","Variance",100,40,60,1.66,1,1.66,92,152.72,"2023-09-22 14:14:30","HYMOD",25
"HM40","Bracket L-Esc Frame 30","BrL-Ef30","Variance",400,100,300,1.51,1,1.51,552,833.52,"2023-10-05 13:21:11","HYMOD",6
"HM34","Bracket L3-65 CBI Standard 2 Hole","BrL3-65S-2","Variance",150,50,100,2.22,1,2.22,27,59.94,"2023-09-26 10:17:42","HYMOD",25
"HM39","Bracket L3-65 CBI Standard 8 Hole","BrL3-65S-8","Variance",400,100,300,2.54,1,2.54,190,482.6,"2023-10-06 16:45:41","HYMOD",25
"HM35","Bracket L3-75 Corslot 2 Hole","BrL3-75C-2","Variance",100,25,75,2.27,1,2.27,40,90.8,"2023-09-26 10:17:38","HYMOD",25
"HM37","Bracket L3-75 Corslot 8 Hole","BrL3-75C-8","Variance",100,50,50,2.6,1,2.6,148,384.8,"2023-09-19 14:36:34","HYMOD",25
"HM36","Bracket L -Earth","BRL3-E","Variance",75,25,50,3.12,1,3.12,34,106.08,"2023-10-02 16:37:15","HYMOD",25
"HM106","Fuse Bracket","BrL3-Fuse","Variance",60,25,35,5.52,1,5.52,32,176.64,"2023-10-09 13:17:57","HYMOD",6
"HM41","Bracket Z - Partician 1x28","BrZ-Pa1-28","Variance",100,30,70,1.51,1,1.51,71,107.21,"2023-10-04 16:20:02","HYMOD",25
"HM42","Bracket Z - Partician 2x28","BrZ-Pa2-28","Variance",250,100,150,1.92,1,1.92,207,397.44,"2023-10-04 16:19:56","HYMOD",25
"HM14","Bus Sup Clamp 205 N100","BsCp-205N100","Variance",50,20,30,8.77,1,8.77,12,105.24,"2023-09-26 10:14:36","HYMOD",6
"HM15","Bus Sup Rail 205 N100","BsR-205N100","Variance",50,20,30,10.13,1,10.13,24,243.12,"2023-09-26 10:14:40","HYMOD",6
"BH66","CT SPACER","CT SPACER","QUADOR",100,50,50,6.9,1,6.9,186,1283.4,"2023-08-28 12:27:06","Top Hat",6
"BH62","F50DV to HVC Chassis Mounting Copper Tags","CTF50DV-HVC","NYLEC",60,30,30,4.76,1,4.76,192,913.92,"2023-09-13 16:34:01","Top Hat",6
"HM43","Door Stay Bracket Flat","DBrS-F","Variance",50,15,35,2.29,1,2.29,39,89.31,"2023-10-03 12:22:56","HYMOD",6
"HM102","Door Stay Bracket U","DBrS-U","Variance",60,20,40,5.58,1,5.58,52,290.16,"2023-10-02 16:40:44","HYMOD",6
"BH38","HPR DUCT MOUNTING BRACKET TYPE2","DMBKT-HPR","NYLEC",200,50,150,2.07,1,2.07,286,592.02,"2023-09-01 15:18:45","Top Hat",30
"BH81","EMPTY BH81","EMPTY 1","NA",0,0,0,0,1,0,1,0,"2023-08-28 12:27:06","Top Hat",6
"BH96","EMPTY BH96","EMPTY 10","NA",0,0,0,0,1,0,1,0,"2023-09-01 15:47:22","Top Hat",6
"BH97","EMPTY BH97","EMPTY 11","NA",0,0,0,0,1,0,1,0,"2023-08-28 12:27:06","Top Hat",6
"BH98","EMPTY BH98","EMPTY 12","NA",0,0,0,0,1,0,1,0,"2023-08-28 12:27:06","Top Hat",6
"BH99","EMPTY BH99","EMPTY 13","NA",0,0,0,0,1,0,1,0,"2023-08-28 12:27:06","Top Hat",6
"BH100","EMPTY BH100","EMPTY 14","NA",0,0,0,0,1,0,1,0,"2023-09-01 15:47:42","Top Hat",6
"BH82","EMPTY BH82","EMPTY 2","NA",0,0,0,0,1,0,1,0,"2023-08-28 12:27:06","Top Hat",6
"BH83","EMPTY BH83","EMPTY 3","NA",0,0,0,0,1,0,1,0,"2023-08-28 12:27:06","Top Hat",6
"BH84","EMPTY BH84","EMPTY 4","NA",0,0,0,0,1,0,1,0,"2023-08-28 12:27:06","Top Hat",6
"BH85","EMPTY BH85","EMPTY 5","NA",0,0,0,0,1,0,1,0,"2023-08-28 12:27:06","Top Hat",6
"BH86","EMPTY BH86","EMPTY 6","NA",0,0,0,0,1,0,1,0,"2023-08-28 12:27:06","Top Hat",6
"BH87","EMPTY BH87","EMPTY 7","NA",0,0,0,0,1,0,1,0,"2023-08-28 12:27:06","Top Hat",6
"BH88","EMPTY BH88","EMPTY 8","NA",0,0,0,0,1,0,1,0,"2023-08-28 12:27:06","Top Hat",6
"BH89","EMPTY BH89","EMPTY 9","NA",0,0,0,0,1,0,1,0,"2023-08-28 12:27:06","Top Hat",6
"HM88","M6 x 8 HEX MULTI HEAD SERATED SCREW ZINC PLATED FOR HIB650","F-HMHSS-M6 X 8","SELECTLOK",2000,1000,1000,5.95,100,0.0595,1200,71.4,"2023-10-10 09:52:59","HYMOD",6
"HM107","P 56 Spacer Top","GF56-B","Variance",20,10,10,4.6,1,4.6,10,46,"2023-09-27 10:31:39","HYMOD",6
"HM95","Hinge Brass pintleNickel then chrome Plated","HIB500NS-E","SELECTLOK",200,100,100,1.68,1,1.68,133,223.44,"2023-10-05 13:21:50","HYMOD",20
"HM99","HM99 - EMPTY SPACE","HM101EMPTY","HM101",0,0,0,0,1,0,1,0,"2023-08-28 12:27:06","HYMOD",6
"HM100","HM100 - EMPTY SPACE","HM102EMPTY","HM102",0,0,0,0,1,0,1,0,"2023-08-28 12:27:06","HYMOD",6
"HM109","HM112 - EMPTY SPACE","HM109EMPTY","HM109",0,0,0,0,1,0,1,0,"2023-08-28 12:27:06","HYMOD",6
"HM111","HM111 - EMPTY SPACE","HM111EMPTY","HM111",0,0,0,0,1,0,1,0,"2023-08-28 12:27:06","HYMOD",6
"HM112","HM112 - EMPTY SPACE","HM112EMPTY","HM112",0,0,0,0,1,0,1,0,"2023-08-28 12:27:06","HYMOD",6
"HM127","HM127 - EMPTY SPACE","HM127EMPTY","HM127",0,0,0,0,1,0,1,0,"2023-08-28 12:27:06","HYMOD",1
"HM16","HM16 - EMPTY SPACE","HM16EMPTY","HM16",0,0,0,0,1,0,1,0,"2023-08-28 12:27:06","HYMOD",6
"HM25","HM25 - EMPTY SPACE","HM25EMPTY","HM25",0,0,0,0,1,0,1,0,"2023-08-28 12:27:06","HYMOD",6
"HM26","HM26 - EMPTY SPACE","HM26EMPTY","HM26",0,0,0,0,1,0,1,0,"2023-08-28 12:27:06","HYMOD",6
"HM27","HM27 - EMPTY SPACE","HM27EMPTY","HM27",0,0,0,0,1,0,1,0,"2023-08-28 12:27:06","HYMOD",6
"HM28","HM28 - EMPTY SPACE","HM28EMPTY","HM28",0,0,0,0,1,0,1,0,"2023-08-28 12:27:06","HYMOD",6
"HM31","HM31 - EMPTY SPACE","HM31EMPTY","HM31",0,0,0,0,1,0,1,0,"2023-08-28 12:27:06","HYMOD",6
"HM44","HM44 - EMPTY SPACE","HM44EMPTY","HM44",0,0,0,0,1,0,1,0,"2023-08-28 12:27:06","HYMOD",6
"HM51","HM51 - EMPTY SPACE","HM51EMPTY","HM51",0,0,0,0,1,0,1,0,"2023-08-28 12:27:06","HYMOD",6
"HM67","HM67 - EMPTY SPACE","HM67EMPTY","HM67",0,0,0,0,1,0,1,0,"2023-08-28 12:27:06","HYMOD",6
"HM76","HM76 - EMPTY SPACE","HM76EMPTY","HM76",0,0,0,0,1,0,1,0,"2023-08-28 12:27:06","HYMOD",6
"HM80","HM80 - EMPTY SPACE","HM80EMPTY","HM80",0,0,0,0,1,0,1,0,"2023-08-28 12:27:06","HYMOD",6
"HM91","HM91 - EMPTY SPACE","HM91EMPTY","HM91",0,0,0,0,1,0,1,0,"2023-08-28 12:27:06","HYMOD",6
"BH77","HPR700 E&N TYPE 2","HPR700E&N","NYLEC",40,10,30,0,1,0,40,0,"2023-09-01 15:35:25","Top Hat",6
"BH34","HPR-CONTROL SWITCH MOUNTING","HPRCSMTHSTD","NYLEC",120,40,80,3.91,1,3.91,161,629.51,"2023-09-06 14:33:23","Top Hat",6
"BH39","HPR DUCT MOUNTING BRACKET","HPRDMB","NYLEC",200,50,150,2.07,1,2.07,165,341.55,"2023-09-01 15:19:11","Top Hat",30
"BH33","F50DV TOP HAT FOR HPR","HPRF50DVMSMTH","NYLEC",40,10,30,8.28,1,8.28,32,264.96,"2023-08-28 12:27:06","Top Hat",6
"BH79","HPR-HPC LOW PAN CHASSIS MOUNTING TOP HAT","HPRHPCCMTH","NYLEC",20,10,10,4.9,1,4.9,51,249.9,"2023-09-22 11:12:51","Top Hat",6
"BH78","HPR-CONTROL SWITCH MOUNTING","HPRLCSMTHL","NYLEC",20,10,10,6.5,1,6.5,40,260,"2023-09-06 09:08:45","Top Hat",6
"BH31","HPR-QF CHASSIS","HPRQFCMTH","NYLEC",20,10,10,6.21,1,6.21,51,316.71,"2023-09-20 15:11:24","Top Hat",6
"BH80","HPR METAL SEGREGATION","HPRSEGBKT","NYLEC",10,5,5,0,1,0,11,0,"2023-09-01 15:35:53","Top Hat",6
"BH75","SK204 TOP HAT FOR HPR","HPRTHSK204","NYLEC",20,10,10,8.2,1,8.2,12,98.4,"2023-09-01 15:33:23","Top Hat",6
"BH37","HPR SELECTOR SWITCH MOUNTING","HPRTHSSDIN","NYLEC",50,20,30,4.8,1,4.8,44,211.2,"2023-08-28 12:27:06","Top Hat",6
"BH71","HPS E&N MOUNTING BRACKET(400)","HPS-E&NBKT(400)","NYLEC",30,10,20,8.63,1,8.63,29,250.27,"2023-09-01 15:31:43","Top Hat",20
"BH22","HPS E&N MOUNTING BRACKETS","HPS-E&NBKT-TYPE2","NYLEC",40,20,20,7.82,1,7.82,32,250.24,"2023-09-01 14:50:42","Top Hat",20
"BH46","HPS GEAR TRAY 100 ( 100 x 610)","HPSGT100","NYLEC",20,10,10,10.35,1,10.35,20,207,"2023-09-27 12:27:16","Top Hat",6
"BH48","HPS GEAR TRAY 300 (300 x 610)","HPSGT300","NYLEC",15,5,10,13.23,1,13.23,13,171.99,"2023-10-04 16:19:22","Top Hat",6
"BH49","HPS GEAR TRAY 400 (400 x 610)","HPSGT400","NYLEC",10,5,5,14.95,1,14.95,7,104.65,"2023-09-01 15:23:43","Top Hat",6
"BH42","HPS 900 GEAR TRAY","HPSGT900","NYLEC",10,5,5,13,1,13,10,130,"2023-09-01 15:21:07","Top Hat",6
"BH41","HPS GEAR TRAY 900 TYPE1","HPSGT900T1","NYLEC",10,5,5,11,1,11,10,110,"2023-08-28 12:27:06","Top Hat",6
"BH43","HPS GEAR TRAY 900 TYPE2","HPSGT900T2","NYLEC",15,5,10,17.25,1,17.25,22,379.5,"2023-08-28 12:27:06","Top Hat",6
"BH44","HPS GEAR TRAY 900 TYPE3","HPSGT900T3","NYLEC",15,5,10,17,1,17,7,119,"2023-08-28 12:27:06","Top Hat",6
"BH70","HPS HIGH MOUNTING BRACKET(400)","HPSHIGHMTBRKT400","NYLEC",60,20,40,10.12,1,10.12,21,212.52,"2023-09-01 15:31:20","Top Hat",20
"BH68","HPS LOW MOUNTING BRACKET(400)","HPSLOWMTBRKT400","NYLEC",60,20,40,8.97,1,8.97,138,1237.86,"2023-09-01 15:29:10","Top Hat",20
"BH69","HPS MEDIUM MOUNTING BRACKET","HPSMEDMTBRKT400","NYLEC",60,20,40,9.55,1,9.55,38,362.9,"2023-09-01 15:29:36","Top Hat",20
"BH28","HPS SOCOMEC TOP HAT","HPSOCOMECTH","NYLEC",30,15,15,9.5,1,9.5,24,228,"2023-09-01 15:17:29","Top Hat",6
"BH21","HPS SIDE MOUNTING BRACKET(300)","HPSSIDEMTNBKT300","NYLEC",60,30,30,5.46,1,5.46,60,327.6,"2023-09-01 14:50:22","Top Hat",6
"BH72","HPS SIDE MOUNTING BRACKET(400)","HPSSIDEMTNBKT400","NYLEC",60,20,40,5.98,1,5.98,52,310.96,"2023-09-01 15:32:13","Top Hat",6
"BH27","HPS SURGE BRACKET","HPSSRGBRKT","NYLEC",50,20,30,4.1,1,4.1,27,110.7,"2023-08-28 12:27:06","Top Hat",6
"BH40","HPS 900-STANDARD CROSS BAR","HPS_CRSBAR-900ST","NYLEC",15,5,10,9.2,1,9.2,36,331.2,"2023-09-01 15:19:45","Top Hat",6
"BH45","HPS 700-STANDARD CROSS BAR(R2)","HPS_CRSBAR_700ST","NYLEC",10,5,5,8.97,1,8.97,7,62.79,"2023-09-26 15:01:48","Top Hat",6
"BH47","HPS 700-GT (R2)","HPS_GT_700","NYLEC",15,5,10,20.13,1,20.13,12,241.56,"2023-09-26 15:02:22","Top Hat",6
"BH23","HPS HIGH MOUNTING BRACKET","HPS_HIGH MT_BRKT","NYLEC",60,20,40,5.18,1,5.18,15,77.7,"2023-09-26 16:31:03","Top Hat",20
"BH25","HPS LOW MOUNTING BRACKET","HPS_LOW MT_BRKT","NYLEC",60,20,40,4.6,1,4.6,96,441.6,"2023-09-26 16:30:57","Top Hat",20
"BH24","HPS MED MOUNTING BRACKET","HPS_MED MT_BRKT","NYLEC",60,20,40,4.89,1,4.89,76,371.64,"2023-09-04 09:52:03","Top Hat",20
"BH20","HPS SIDE MOUNTING BRACKET","HPS_SIDEMTNBKT","NYLEC",60,30,30,3.8,1,3.8,103,391.4,"2023-09-01 14:50:04","Top Hat",6
"HM87","Screw M6x14 T25 -2000 Box","HSM6-2K","Variance",2,1,1,488.8,2000,0.2444,1,0.2444,"2023-09-25 16:44:35","HYMOD",6
"HM93","hinge left hand lift off 80mm","HU-80","SELECTLOK",200,100,100,2.13,1,2.13,174,370.62,"2023-10-03 11:54:08","HYMOD",20
"HM110","Hymod OutMod E & N Bracket","HYOUTMOD-E&NBKT","NYLEC",75,25,50,22.5,1,22.5,17,382.5,"2023-10-05 12:05:35","HYMOD",6
"HM45","InsulBUS Bus Support 7510","IBS7510","Variance",250,50,200,4.5,1,4.5,177,796.5,"2023-09-26 10:15:13","HYMOD",28
"HM46","InsulBUS Bus Sup Spacer 10","IBSS10","Variance",400,100,300,1.05,1,1.05,400,420,"2023-09-26 10:15:17","HYMOD",28
"HM48","Vent Filter Grille for Electri Enclosure 150H x 150W x 37D","IP-V2000","QUADOR",50,20,30,16,1,16,40,640,"2023-10-06 11:37:12","HYMOD",6
"HM49","Filter Fan for Electrical Encl 58 m3/hr 150H x 150W x 86D 2 24VDC","IP-V2200","QUADOR",6,2,4,116.67,1,116.67,10,1166.7,"2023-08-28 12:27:06","HYMOD",6
"HM50","Filter Fan for Electrical Encl 58 m3/hr 150H x 150W x 86D 24V","IP-V2224","QUADOR",6,2,4,135.1,1,135.1,10,1351,"2023-08-28 12:27:06","HYMOD",6
"HM108","Cover stay Mild Steel with auto lock unassembled","M179-44-022(m)","Variance",50,20,30,6.81,1,6.81,31,211.11,"2023-10-03 12:22:22","HYMOD",6
"HM97","M6 INSERTNUT","M6CR3","CONCEPT FASTENERS",1300,300,1000,6.5,100,0.065,500,32.5,"2023-09-25 17:21:33","HYMOD",6
"HM96","RIVET NUT RIBBED STEEL M8 ZINC","M8 RIVER NUT","BOLTSGALOR",1300,300,1000,0.6235,1,0.6235,400,249.4,"2023-09-25 17:18:48","HYMOD",6
"BH53","MCCB CT LINK1","MCCB CT LINK1","NYLEC",120,60,60,23.29,1,23.29,115,2678.35,"2023-10-05 13:12:27","Top Hat",18
"BH60","MCCB Link 5","MCCB LINK 5","NYLEC",30,10,20,31.86,1,31.86,6,191.16,"2023-09-19 09:30:41","Top Hat",6
"BH55","MCCB1 LINK","MCCB1 LINK","NYLEC",120,60,60,23.29,1,23.29,116,2701.64,"2023-09-19 15:57:58","Top Hat",18
"BH54","MCCB 3 LINK - NO DIP SET 3 (61MM)","MCCB3LINK (61MM)","NYLEC",80,40,40,18.27,1,18.27,173,3160.71,"2023-09-27 12:45:44","Top Hat",18
"HM92","SEALABLE 1/4 TURN WITH 8MM SQUARE WITH SLOT","MS705-3A-4A","SELECTLOK",100,20,80,4.28,1,4.28,52,222.56,"2023-09-26 10:11:50","HYMOD",6
"BH50","MSCTLINK 1 INSULATING COATING RED WHITE & BLUE","MSCTLINK 1","NYLEC",120,60,60,27.59,1,27.59,236,6511.24,"2023-09-27 12:44:34","Top Hat",6
"BH51","MSCTLINK 3 INSULATING COATING RED WHITE & BLUE","MSCTLINK 3","NYLEC",80,40,40,24.74,1,24.74,88,2177.12,"2023-09-07 12:19:10","Top Hat",6
"BH52","MSCTLINK 5 INSULATION COATING RED WHITE & BLUE","MSCTLINK 5","NYLEC",80,40,40,24.07,1,24.07,61,1468.27,"2023-08-31 15:26:29","Top Hat",6
"BH57","MSCTLINK 6 INSULATING COATING RED WHITE & BLUE","MSCTLINK 6","NYLEC",15,5,10,25.1,1,25.1,29,727.9,"2023-08-28 12:27:06","Top Hat",18
"BH59","MSCTLINK 7","MSCTLINK 7","NYLEC",30,10,20,27.5,1,27.5,18,495,"2023-08-28 12:27:06","Top Hat",6
"BH58","MSCTLINK 8 INSULATING COATING RED WHITE & BLUE","MSCTLINK 8","NYLEC",20,5,15,15.78,1,15.78,15,236.7,"2023-08-28 12:27:06","Top Hat",6
"BH64","BLACK Complete Set Copper Bar","PCT-TYPE 1","NYLEC",10,5,5,51.03,1,51.03,5,255.15,"2023-10-02 10:58:32","Top Hat",6
"BH65","RED WHITE BLUE BLACK Complete Set Copper Bar","PCT-TYPE 2","NYLEC",10,5,5,205.44,1,205.44,7,1438.08,"2023-08-28 12:27:06","Top Hat",6
"BH63","RED WHITE BLUE Complete Set Copper Bar","PCTI-TYPE 1","NYLEC",10,5,5,166.02,1,166.02,10,1660.2,"2023-10-02 10:58:17","Top Hat",6
"BH61","RED WHITE BLUE Complete Set Copper Bar","PCTO-TYPE 1","NYLEC",40,20,20,40.78,1,40.78,22,897.16,"2023-10-02 15:53:02","Top Hat",6
"BH95","SK204 Polycover for HPR - 2mm Polycarb","PLYCVRSK204","QUADOR",10,5,5,36,1,36,7,252,"2023-09-01 15:39:11","Top Hat",6
"BH93","POLY COVER FOR HVC CHASSIS","POLYCOVERF50DV-H","QUADOR",30,10,20,30,1,30,33,990,"2023-09-01 15:38:15","Top Hat",6
"BH94","F50DV POLY COVER","POLYCVR-F50DV-QF","QUADOR",30,10,20,30,1,30,21,630,"2023-09-25 15:03:09","Top Hat",6
"BH92","Poly Cover for K65DEV","POLYCVR-K65DEV","QUADOR",50,20,30,40,1,40,45,1800,"2023-10-05 12:08:52","Top Hat",6
"BH90","Poly Cover for QF Chassis-2","POLYCVRQF-2B","QUADOR",50,20,30,28.5,1,28.5,39,1111.5,"2023-09-27 12:44:44","Top Hat",6
"BH91","Poly Cover for QF Chassis","POLYCVRQF-A","QUADOR",50,20,30,30,1,30,37,1110,"2023-10-05 13:12:56","Top Hat",6
"BH30","250/400A Pillar Copper Bar","PP-GT-CBAR","NYLEC",30,10,20,8.6,1,8.6,18,154.8,"2023-10-02 10:57:53","Top Hat",6
"BH56","SFMLINK (MCCB) DIPPED","SFMLINK (MCCB)","NYLEC",40,20,20,15.94,1,15.94,47,749.18,"2023-10-09 15:04:16","Top Hat",6
"BH67","Support Bracket (58mm)","SPLCH-01","QUADOR",100,50,50,13.5,1,13.5,467,6304.5,"2023-09-07 10:29:18","Top Hat",6
"HM98","Key 8mm SQUARE ZINC DI","SQ-8-KEY","SELECTLOK",80,30,50,1.15,1,1.15,34,39.1,"2023-10-05 09:44:07","HYMOD",6
"HM94","Quarter Turn 32MM Escutcheon 8MM Square insert with slot IP66","SQ118-8S-32","SELECTLOK",200,100,100,2.31,1,2.31,75,173.25,"2023-10-09 14:20:22","HYMOD",20
"HM89","M8 X 65 HEX SET SCREW SS304","SSM865S","BOLTSGALOR",500,200,300,0.3636,1,0.3636,500,181.8,"2023-09-25 17:00:49","HYMOD",30
"HM90","M8 X 75 HEX SET SCREW SS304","SSM875S","BOLTSGALOR",300,100,200,0.4,1,0.4,50,20,"2023-09-25 17:01:04","HYMOD",30
"BH29","FCL MTNG TOPHAT 250-400A","TOPHAT250-400A","NYLEC",50,20,30,8.2,1,8.2,26,213.2,"2023-10-02 10:57:47","Top Hat",6
"BH6","TS250 4P MCCB TOP HAT FOR ADVD","TS250MCCB-ADV","NYLEC",20,5,15,9.5,1,9.5,7,66.5,"2023-09-01 14:43:44","Top Hat",6
"BH36","TS250 4P MCCB TOP HAT FOR HPR","TS250MCCBTH","NYLEC",30,10,20,9.5,1,9.5,16,152,"2023-09-01 15:18:14","Top Hat",6
"HM86","M6 X 16 HEX FLANGED STEEL TAPTITE ZP","TTM616WHZ","BOLTSGALOR",6000,2000,4000,0.1727,1,0.1727,1000,172.7,"2023-09-25 16:52:38","HYMOD",6
"HM84","Vent Cover Double Filter","VCDF","Variance",2,0,2,93.21,1,93.21,2,186.42,"2023-09-25 15:01:46","HYMOD",6
"HM85","Vent Cover Single Filter","VCF","Variance",50,20,30,57.16,1,57.16,29,1657.64,"2023-10-04 15:07:07","HYMOD",6
"HM83","Vent Cover Single Filter IP56-Part B","VcF56-B","Variance",20,12,8,16.53,1,16.53,5,82.65,"2023-09-26 14:48:03","HYMOD",6
